1e334,"*/*"
1e338,"GET"
1e33c,"POST"
1e341,"HTTP/1.1"
1e350,"Connection: close\n"
1e2e0,"Mozilla/4.0 (compatible; MSIE 8.0; Windows NT 5.1; Trident/4.0; .NET4.0C; .NET4.0E)"
1e36d,"msiexec.exe"
1e620,"6.3"
1e368,".dll"
1e108,"kernel32.dll"
1e6f0,"Mozilla/5.0 (Windows NT 6.3; Win64; x64) AppleWebKit/537.36 (KHTML, like Gecko) Chrome/79.0.3945.88 Safari/537.36"
1e5a8,".exe"
1e5ad,".dll"
1e5a8,".exe"
1e364,"/%s"
1e1fb,"aeiouy"
1e210,"bcdfghklmnpqrstvwxz"
1e210,"bcdfghklmnpqrstvwxz"
1e1fb,"aeiouy"
1e210,"bcdfghklmnpqrstvwxz"
1e1fb,"aeiouy"
1e210,"bcdfghklmnpqrstvwxz"
