1065,wininet.HttpOpenRequestA #235
10f5,wininet.InternetQueryOptionA #318
116b,wininet.InternetSetOptionA #334
1191,wininet.HttpSendRequestA #242
11f2,wininet.HttpQueryInfoA #240
1235,wininet.InternetCloseHandle #264
1f5f,kernel32.SetFileAttributesW #1272
1f79,kernel32.DeleteFileW #268
2228,kernel32.WaitForMultipleObjects #1450
250c,kernel32.HeapAlloc #817
3d81,kernel32.EnterCriticalSection #295
3e55,kernel32.LeaveCriticalSection #931
648f,ws2_32.inet_addr #11
64b9,ws2_32.htons #9
6ba4,kernel32.CreatePipe #214
6c83,kernel32.CreateProcessW #221
6cc6,kernel32.WaitForSingleObject #1452
6cfc,kernel32.GetFileSizeEx #574
6d40,kernel32.ReadFile #1105
6d8f,kernel32.CloseHandle #129
6dac,kernel32.CloseHandle #129
6dc2,kernel32.CloseHandle #129
6dd7,kernel32.CloseHandle #129
722f,kernel32.GetFileAttributesW #567
7275,kernel32.GetFileAttributesW #567
72a7,kernel32.MoveFileExW #971
75ce,libssl.d2i_x509 #4
75ee,libssl.d2i_privatekey #3
77c5,kernel32.EnterCriticalSection #295
78a8,kernel32.LeaveCriticalSection #931
7983,kernel32.SetEvent #1265
799a,kernel32.WaitForSingleObject #1452
79d6,shlwapi.PathRemoveFileSpecW #734
7a0b,shlwapi.PathRemoveFileSpecW #734
7a49,shlwapi.PathRemoveFileSpecW #734
7a77,shlwapi.PathRemoveFileSpecW #734
7aa5,shlwapi.PathRemoveFileSpecW #734
7ad7,shlwapi.PathRemoveFileSpecW #734
7b10,shlwapi.PathRemoveFileSpecW #734
7b3e,shlwapi.PathRemoveFileSpecW #734
7b7d,shlwapi.PathRemoveFileSpecW #734
7bba,shlwapi.PathRemoveFileSpecW #734
7bf7,shlwapi.PathRemoveFileSpecW #734
7c30,shlwapi.PathRemoveFileSpecW #734
7cf2,kernel32.GetTempPathW #741
7d13,shlwapi.PathAddBackslashW #612
e359,shlwapi.PathRemoveFileSpecW #734
e4a3,kernel32.OpenProcess #1007
e4cb,kernel32.DuplicateHandle #289
e4ff,kernel32.CloseHandle #129
e66a,kernel32.VirtualAllocEx #1437
e705,kernel32.DuplicateHandle #289
e752,kernel32.DuplicateHandle #289
e82c,kernel32.VirtualFreeEx #1440
e846,kernel32.CloseHandle #129
e876,kernel32.VirtualAllocEx #1437
e8f8,kernel32.WriteProcessMemory #1515
eaa8,kernel32.WriteProcessMemory #1515
eb29,kernel32.VirtualProtectEx #1443
eb8c,kernel32.Sleep #1363
ecc4,kernel32.CreateRemoteThread #222
ecfd,kernel32.CloseHandle #129
ed0f,kernel32.CloseHandle #129
f229,kernel32.WaitForSingleObject #1452
f2f3,ws2_32.htons #9
f311,ws2_32.htons #9
f4d1,ws2_32.htons #9
f537,kernel32.VirtualProtect #1442
f5be,ws2_32.inet_addr #11
f900,advapi32.RegOpenKeyExW #1646
f931,advapi32.RegQueryValueExW #1659
f9aa,advapi32.RegQueryValueExW #1659
f9e7,advapi32.RegCloseKey #1597
fd3b,kernel32.CreateThread #234
107f0,kernel32.EnterCriticalSection #295
10a70,kernel32.LeaveCriticalSection #931
1128d,kernel32.SetEvent #1265
114e2,libssl.i2d_privatekey #10
11504,libssl.i2d_x509 #11
11550,libssl.crypto_free #2
1157e,libssl.crypto_free #2
125ca,ws2_32.inet_addr #11
12608,ws2_32.htons #9
12ddc,shell32.SHGetFolderPathW #385
12e74,kernel32.FindFirstFileW #373
12eb8,kernel32.FindNextFileW #385
12f7b,kernel32.GetFileAttributesW #567
12fb4,kernel32.FindClose #362
1318a,kernel32.VirtualAlloc #1436
13a21,kernel32.CopyFileW #167
13a45,kernel32.DeleteFileW #268
14463,kernel32.GetLogicalDriveStringsW #600
144ad,kernel32.GetLogicalDriveStringsW #600
1451d,kernel32.CreateThread #234
1459b,kernel32.WaitForSingleObject #1452
145af,kernel32.CloseHandle #129
15cfa,wininet.InternetCrackUrlA #272
163de,shlwapi.wvnsprintfW #925
179b8,kernel32.GetFileAttributesW #567
17a27,shlwapi.PathAddExtensionW #622
19de5,kernel32.Sleep #1363
19feb,kernel32.GetProcessHeap #676
1b458,kernel32.Sleep #1363
1b54d,kernel32.Sleep #1363
1b57a,kernel32.CopyFileW #167
1b5c1,kernel32.GetLastError #594
1b639,sqlite3.sqlite3_open #133
1b68a,sqlite3.sqlite3_prepare #139
1b6f4,sqlite3.sqlite3_step #189
1b72e,sqlite3.sqlite3_step #189
1b757,sqlite3.sqlite3_column_text #57
1b773,sqlite3.sqlite3_column_text #57
1b798,sqlite3.sqlite3_column_text #57
1b7b6,sqlite3.sqlite3_column_text #57
1b7db,sqlite3.sqlite3_column_int #49
1b800,sqlite3.sqlite3_column_int #49
1b82b,sqlite3.sqlite3_column_int #49
1b849,sqlite3.sqlite3_column_int #49
1ba0b,sqlite3.sqlite3_finalize #100
1ba29,sqlite3.sqlite3_close #36
1ba41,kernel32.GetFileAttributesW #567
1ba68,kernel32.DeleteFileW #268
1c865,kernel32.HeapReAlloc #824
1c8bc,kernel32.HeapAlloc #817
1ca83,ws2_32.select #18
1d3ca,kernel32.Sleep #1363
1de39,shlwapi.PathRenameExtensionW #736
1ec56,shlwapi.SHDeleteValueW #771
1f8d0,libssl.i2d_x509 #11
1f9d8,libssl.crypto_free #2
211c7,crypt32.CryptUnprotectData #1250
2131a,kernel32.CreateThread #234
21a8a,kernel32.LoadLibraryA #934
21b21,kernel32.GetProcAddress #671
21e46,kernel32.GetSystemDirectoryW #719
23771,kernel32.GetWindowsDirectoryW #786
23a1d,kernel32.SetThreadPriority #1334
23a2e,kernel32.GetCurrentThread #527
23ac6,kernel32.GetLastError #594
23bec,kernel32.InitializeCriticalSection #841
23f4f,wininet.InternetOpenA #312
23fa7,wininet.InternetSetOptionA #334
23ff0,wininet.InternetConnectA #270
2401f,wininet.InternetCloseHandle #264
24051,ws2_32.socket #23
24085,ws2_32.connect #4
240c9,ws2_32.closesocket #3
246d9,kernel32.InitializeCriticalSection #841
248d4,kernel32.CreateToolhelp32Snapshot #243
24923,kernel32.Process32FirstW #1038
24a83,kernel32.GetLastError #594
24aaf,kernel32.CloseHandle #129
24ac2,kernel32.Sleep #1363
24ad5,kernel32.Process32NextW #1040
24b08,kernel32.CloseHandle #129
25d40,ws2_32.socket #23
25da6,ws2_32.connect #4
25df5,ws2_32.WSAGetLastError #111
25e24,ws2_32.closesocket #3
261d6,shlwapi.PathIsURLW #710
2620c,kernel32.GetTempPathW #741
26260,kernel32.DeleteFileW #268
262b0,kernel32.ExpandEnvironmentStringsW #343
263ea,shell32.ShellExecuteW #455
271e0,kernel32.GetProcessId #678
27251,kernel32.GetThreadContext #742
27280,kernel32.CloseHandle #129
272dc,kernel32.SetThreadContext #1325
27314,kernel32.DuplicateHandle #289
2758d,kernel32.WaitForSingleObject #1452
27a94,shell32.SHGetFolderPathW #385
28a4e,kernel32.EnterCriticalSection #295
28a72,kernel32.LeaveCriticalSection #931
28f6c,ws2_32.recv #16
28f8c,ws2_32.WSAGetLastError #111
29b16,kernel32.VirtualAllocEx #1437
29b90,kernel32.DuplicateHandle #289
29bca,kernel32.DuplicateHandle #289
29c16,kernel32.VirtualAllocEx #1437
29c53,kernel32.WriteProcessMemory #1515
29ccd,kernel32.WriteProcessMemory #1515
2b10b,user32.GetForegroundWindow #1831
2b134,user32.GetWindowTextW #1974
2b18f,user32.GetKeyboardState #1852
2b1c1,user32.ToUnicode #2333
2b953,kernel32.GetModuleHandleW #617
2b987,kernel32.GetProcAddress #671
2b9b8,kernel32.GetProcAddress #671
2ba13,kernel32.GetProcAddress #671
2ba7a,kernel32.GetProcAddress #671
2bacf,kernel32.GetModuleHandleW #617
2bb0b,kernel32.GetProcAddress #671
2bb6e,kernel32.LoadLibraryA #934
2bb9b,kernel32.GetProcAddress #671
2bbcc,kernel32.GetProcAddress #671
2bf4b,kernel32.WaitForMultipleObjects #1450
2c028,kernel32.WaitForSingleObject #1452
2c05e,ws2_32.WSAGetLastError #111
2c08a,kernel32.WaitForSingleObject #1452
2c147,kernel32.CreateThread #234
2c169,kernel32.CloseHandle #129
2c18f,kernel32.EnterCriticalSection #295
2c1f4,kernel32.LeaveCriticalSection #931
2c5b5,kernel32.CreateThread #234
2c663,kernel32.CreateThread #234
2c7c7,kernel32.Sleep #1363
2c8e6,kernel32.Sleep #1363
2c91a,kernel32.CopyFileW #167
2c957,kernel32.GetLastError #594
2c9de,sqlite3.sqlite3_open #133
2ca0c,sqlite3.sqlite3_prepare #139
2ca7b,sqlite3.sqlite3_step #189
2caae,sqlite3.sqlite3_step #189
2cad5,sqlite3.sqlite3_column_text #57
2cafa,sqlite3.sqlite3_column_text #57
2cb18,sqlite3.sqlite3_column_blob #40
2cb3d,sqlite3.sqlite3_column_bytes #41
2cb5b,sqlite3.sqlite3_column_text #57
2cb7e,sqlite3.sqlite3_column_int64 #50
2cba7,sqlite3.sqlite3_column_int #49
2cbca,sqlite3.sqlite3_column_int #49
2cdae,sqlite3.sqlite3_finalize #100
2cdcd,sqlite3.sqlite3_close #36
2cde6,kernel32.GetFileAttributesW #567
2ce07,kernel32.DeleteFileW #268
2d8d4,kernel32.EnterCriticalSection #295
2d938,kernel32.LeaveCriticalSection #931
2e2cc,shell32.SHGetFolderPathW #385
2e366,kernel32.FindFirstFileW #373
2e3ba,kernel32.FindNextFileW #385
2e482,kernel32.GetFileAttributesW #567
2e4cc,kernel32.FindClose #362
2fe6d,kernel32.WaitForSingleObject #1452
30680,kernel32.GetTempPathW #741
30781,kernel32.SetEvent #1265
307dc,kernel32.WaitForMultipleObjects #1450
30816,kernel32.SetEvent #1265
3083c,shell32.ShellExecuteW #455
30869,kernel32.ResetEvent #1187
30898,kernel32.ResetEvent #1187
30934,kernel32.GetLastError #594
30957,kernel32.DeleteFileW #268
30c50,kernel32.CreateFileW #196
30c85,kernel32.CloseHandle #129
3120e,kernel32.CreateThread #234
32746,kernel32.InitializeCriticalSection #841
32762,kernel32.GetTempPathW #741
327cc,shell32.SHGetFolderPathW #385
33068,kernel32.CopyFileW #167
33094,kernel32.DeleteFileW #268
330c7,kernel32.Sleep #1363
33832,ntdll.NtQueryInformationProcess #450
338ed,kernel32.DuplicateHandle #289
3391f,kernel32.CloseHandle #129
33c8b,crypt32.CryptUnprotectData #1250
34929,kernel32.GetFileAttributesW #567
34a42,kernel32.GetTempPathW #741
34a60,shlwapi.PathAddBackslashW #612
350bd,ws2_32.WSAIoctl #78
35a5d,kernel32.WaitForSingleObject #1452
35ead,kernel32.SetEvent #1265
367c6,advapi32.RegOpenKeyExW #1646
367f6,advapi32.RegQueryValueExW #1659
3682d,advapi32.RegCloseKey #1597
36ac7,kernel32.Sleep #1363
36b03,kernel32.TerminateProcess #1378
36b18,kernel32.CloseHandle #129
37057,combase.StringFromGUID2 #328
381b7,kernel32.CreateFileW #196
38229,kernel32.GetFileSizeEx #574
38298,kernel32.VirtualAlloc #1436
382cb,kernel32.ReadFile #1105
38312,kernel32.VirtualFree #1439
3832d,kernel32.CloseHandle #129
3893c,kernel32.ReadFile #1105
389a7,kernel32.WriteFile #1506
38a12,kernel32.FlushFileBuffers #404
38a62,shlwapi.SHDeleteKeyW #767
3c027,ws2_32.getsockname #6
3c65d,kernel32.SetFilePointerEx #1278
3d55e,ws2_32.send #19
3dc59,ws2_32.inet_addr #11
3e5e1,libssl.x509_get_subject_name #52
3e60a,libssl.x509_name_oneline #54
41ce6,kernel32.WaitForSingleObject #1452
41d1f,kernel32.SetEvent #1265
41d4e,kernel32.WaitForSingleObject #1452
42208,ws2_32.WSAStartup #115
4282f,kernel32.Sleep #1363
443a2,wininet.InternetCloseHandle #264
447e3,kernel32.EnterCriticalSection #295
4485a,kernel32.LeaveCriticalSection #931
44a25,kernel32.LeaveCriticalSection #931
45b9c,user32.CharUpperW #1568
4605f,kernel32.Sleep #1363
46343,ws2_32.getpeername #5
463c4,ws2_32.getsockname #6
46fa8,kernel32.VirtualFree #1439
47c61,kernel32.GetThreadContext #742
47d61,kernel32.SetThreadContext #1325
4a452,kernel32.CreateToolhelp32Snapshot #243
4a49c,kernel32.HeapAlloc #817
4a4df,kernel32.Thread32Next #1395
4a528,kernel32.GetCurrentProcessId #524
4a550,kernel32.GetCurrentThreadId #528
4a588,kernel32.HeapReAlloc #824
4a5c5,kernel32.CloseHandle #129
4abac,kernel32.ReadFile #1105
4ac3b,kernel32.WriteFile #1506
4ac6e,kernel32.FlushFileBuffers #404
4ae3f,kernel32.OpenThread #1014
4ae61,kernel32.SuspendThread #1371
4ae84,kernel32.CloseHandle #129
4b6cb,kernel32.OpenThread #1014
4b6fe,kernel32.ResumeThread #1193
4b710,kernel32.CloseHandle #129
4b725,kernel32.HeapFree #821
4bdb8,urlmon.ObtainUserAgentString #205
4be2d,kernel32.VirtualProtect #1442
4bedd,kernel32.VirtualProtect #1442
4bef7,kernel32.FlushInstructionCache #405
4bf09,kernel32.GetCurrentProcess #523
4c455,kernel32.GetFileSizeEx #574
4c546,kernel32.GetCurrentProcessId #524
4cd72,kernel32.GetTempPathW #741
4cd94,kernel32.GetModuleFileNameW #613
4cede,kernel32.SetUnhandledExceptionFilter #1348
4cef4,kernel32.SetErrorMode #1264
4d22e,kernel32.ExitThread #340
4d24d,libssl.evp_pkey_new #8
4d27c,libssl.rsa_generate_key #13
4d2aa,libssl.evp_pkey_assign #6
4d2ca,libssl.evp_pkey_free #7
4d568,kernel32.CreateEventW #184
4d57a,kernel32.CreateEventW #184
4d62b,kernel32.ExitThread #340
4d754,libssl.x509v3_ext_conf_nid #60
4d78a,libssl.x509_add_ext #48
4d7a9,libssl.x509_EXTENSION_free #46
4dc81,kernel32.GetModuleHandleW #617
4dd3e,kernel32.WaitForSingleObject #1452
4ddb8,kernel32.VirtualAlloc #1436
4ebfb,advapi32.GetLengthSid #1332
4ecc2,shell32.SHGetFolderPathW #385
4ecee,kernel32.GetModuleFileNameW #613
4efa5,kernel32.WaitForSingleObject #1452
4f081,kernel32.GetTickCount #757
4f095,libssl.ssl_write #44
4f0de,libssl.ssl_get_error #31
4f10e,kernel32.GetTickCount #757
4f127,kernel32.Sleep #1363
4f13a,libssl.ssl_write #44
4f7e0,kernel32.GetVersionExW #775
4f800,kernel32.GetNativeSystemInfo #630
4f8c3,kernel32.GetVersionExW #775
4fa78,kernel32.FindFirstFileW #373
4fac8,kernel32.FindNextFileW #385
5016f,libssl.x509_new #55
5018a,libssl.asn1_integer_set #1
501b0,libssl.x509_get_serialNumber #51
501cc,libssl.x509_gmtime_adj #53
501e4,libssl.x509_get0_notBefore #50
5020e,libssl.x509_gmtime_adj #53
5021f,libssl.x509_get0_notAfter #49
5023f,libssl.x509_set_pubkey #57
502dd,libssl.x509_get_subject_name #52
502f4,libssl.x509_NAME_add_entry_by_txt #47
5033b,libssl.x509_NAME_add_entry_by_txt #47
5037f,libssl.x509_NAME_add_entry_by_txt #47
503bf,libssl.x509_set_issuer_name #56
5041f,libssl.x509_set_version #58
50443,libssl.x509_sign #59
5045b,libssl.evp_sha256 #9
50482,(unknown)
505ab,kernel32.CreateEventA #181
505ca,kernel32.CreateEventA #181
50e58,kernel32.SetEvent #1265
50e78,kernel32.SetEvent #1265
50ee3,ws2_32.accept #1
50f26,kernel32.CreateThread #234
50f60,kernel32.CloseHandle #129
5100d,libssl.evp_pkey_free #7
5135a,shell32.SHGetFolderPathW #385
5138f,shlwapi.PathAddBackslashW #612
513a2,kernel32.GetVolumeNameForVolumeMountPointW #780
513c7,shlwapi.PathRemoveBackslashW #728
513e0,shlwapi.PathRemoveFileSpecW #734
51401,shlwapi.PathAddBackslashW #612
51414,kernel32.GetVolumeNameForVolumeMountPointW #780
5146d,combase.CLSIDFromString #77
5150b,advapi32.RegOpenKeyExW #1646
5155a,advapi32.RegQueryValueExW #1659
515cf,advapi32.RegCloseKey #1597
516ea,ws2_32.socket #23
51739,ws2_32.WSAIoctl #78
51770,ws2_32.WSAGetLastError #111
517ca,ws2_32.WSAIoctl #78
5180d,ws2_32.closesocket #3
51b7b,ws2_32.getaddrinfo #176
51e63,ws2_32.freeaddrinfo #175
51eba,libssl.x509_new #55
51ed4,libssl.asn1_integer_set #1
51ef6,libssl.x509_get_serialNumber #51
51f12,libssl.x509_gmtime_adj #53
51f2a,libssl.x509_get0_notBefore #50
51f4a,libssl.x509_gmtime_adj #53
51f62,libssl.x509_get0_notAfter #49
51f89,libssl.x509_set_pubkey #57
51fab,libssl.x509_get_subject_name #52
51fca,libssl.x509_NAME_add_entry_by_txt #47
52018,libssl.x509_get_subject_name #52
52034,libssl.x509_set_issuer_name #56
52084,libssl.x509_set_version #58
520a1,libssl.x509_sign #59
520b9,libssl.evp_sha256 #9
5210d,kernel32.DeleteCriticalSection #263
52123,kernel32.CloseHandle #129
52138,kernel32.CloseHandle #129
52d32,libssl.i2d_x509 #11
52e5b,libssl.crypto_free #2
5323c,user32.GetSystemMetrics #1934
53492,ws2_32.WSAAddressToStringW #43
536f2,ws2_32.inet_addr #11
53727,ws2_32.htons #9
537d0,ws2_32.WSAGetLastError #111
53850,ws2_32.accept #1
53871,kernel32.CreateThread #234
53897,kernel32.CloseHandle #129
538f5,wininet.InternetSetOptionA #334
53a74,shlwapi.PathRemoveFileSpecW #734
53bb4,kernel32.WaitForSingleObject #1452
53c14,kernel32.Sleep #1363
53c40,kernel32.Sleep #1363
53c6c,kernel32.Sleep #1363
53c83,kernel32.DeleteFileW #268
53d0b,kernel32.WaitForSingleObject #1452
53efa,kernel32.GetTempPathW #741
53f54,kernel32.CreateDirectoryW #180
5421b,kernel32.InitializeCriticalSection #841
54414,kernel32.CreateThread #234
5480e,libssl.d2i_x509 #4
54f6a,kernel32.WideCharToMultiByte #1486
55ce0,kernel32.InitializeCriticalSection #841
55cf6,kernel32.CreateEventW #184
55e49,ws2_32.select #18
55e86,ws2_32.WSASetLastError #112
55ef1,ws2_32.WSAIoctl #78
56e4e,shlwapi.StrCmpNIA #847
57107,libssl.ssl_set_fd #40
57128,libssl.ssl_set_verify #41
5714a,libssl.ssl_set_accept_state #37
57162,kernel32.GetTickCount #757
5717e,libssl.ssl_do_handshake #27
5719e,libssl.ssl_get_error #31
571d5,kernel32.GetTickCount #757
571f5,kernel32.Sleep #1363
57224,libssl.ssl_get_servername #32
576a4,libssl.ssl_free #28
576c2,libssl.ssl_ctx_free #21
577a2,libssl.ssl_ctx_new #22
577ba,libssl.sslv23_method #45
577d4,libssl.ssl_ctx_set_client_cert_cb #24
577f7,libssl.ssl_new #34
57922,shlwapi.PathRenameExtensionW #736
57973,kernel32.GetFileAttributesW #567
57996,kernel32.GetFileAttributesW #567
579d2,kernel32.MoveFileExW #971
57afc,crypt32.CryptUnprotectData #1250
57ce7,ws2_32.inet_addr #11
57d3e,ws2_32.htons #9
57d78,kernel32.SetEvent #1265
57e3a,advapi32.RegOpenKeyExW #1646
57e61,advapi32.RegQueryValueExW #1659
57e9a,advapi32.RegCloseKey #1597
581a5,libssl.ssl_ctx_new #22
581bd,libssl.sslv23_method #45
581de,libssl.ssl_ctx_callback_ctrl #19
581fc,libssl.ssl_new #34
58345,libssl.ssl_read #35
58379,libssl.ssl_get_error #31
58454,libssl.ssl_get_servername #32
584d2,libssl.ssl_use_certificate #42
584f6,libssl.ssl_use_privatekey #43
58547,libssl.ssl_set_fd #40
58568,libssl.ssl_set_connect_state #39
58586,libssl.ssl_ctrl #18
585c9,kernel32.GetTickCount #757
585ee,libssl.ssl_do_handshake #27
58607,libssl.ssl_get_error #31
58631,kernel32.GetTickCount #757
5865b,kernel32.Sleep #1363
586c3,kernel32.VirtualAlloc #1436
586ef,kernel32.VirtualAlloc #1436
58c92,kernel32.GetTempPathW #741
58cb0,shlwapi.PathAddBackslashW #612
58f67,kernel32.VirtualFree #1439
59225,zlib1.inflateInit2_ #57
592f9,zlib1.inflate #50
593a6,zlib1.inflateEnd #55
593d5,zlib1.inflateEnd #55
59492,kernel32.VirtualQuery #1444
59504,kernel32.WaitForSingleObject #1452
5953e,shell32.SHGetFolderPathW #385
595d4,kernel32.FindFirstFileW #373
59617,kernel32.FindNextFileW #385
596bf,kernel32.GetFileAttributesW #567
596fc,kernel32.FindClose #362
597c8,kernel32.Sleep #1363
59819,kernel32.TerminateProcess #1378
5982e,kernel32.CloseHandle #129
598ad,kernel32.Sleep #1363
598da,kernel32.CopyFileW #167
5991d,kernel32.GetLastError #594
59981,sqlite3.sqlite3_open #133
599b4,sqlite3.sqlite3_prepare #139
59a12,sqlite3.sqlite3_step #189
59a53,sqlite3.sqlite3_step #189
59a80,sqlite3.sqlite3_column_text #57
59a9b,sqlite3.sqlite3_column_text #57
59b49,sqlite3.sqlite3_column_bytes #41
59b6c,sqlite3.sqlite3_column_blob #40
59cd5,sqlite3.sqlite3_finalize #100
59cf9,sqlite3.sqlite3_close #36
59d10,kernel32.GetFileAttributesW #567
59d2e,kernel32.DeleteFileW #268
59dbf,wininet.FindNextUrlCacheEntryW #173
59df4,wininet.FindNextUrlCacheEntryW #173
59e3b,wininet.DeleteUrlCacheEntryW #151
59e51,kernel32.GetLastError #594
59e77,wininet.FindFirstUrlCacheEntryW #166
59eb3,kernel32.GetLastError #594
59eed,wininet.FindCloseUrlCache #160
59f1b,kernel32.GetProcessHeap #676
59f49,kernel32.CreateThread #234
5a0f5,zlib1.deflateInit2_ #20
5a1e1,zlib1.deflate #16
5a247,zlib1.deflateEnd #19
5a2a2,zlib1.deflateEnd #19
5a2da,shell32.SHGetFolderPathW #385
5a33f,kernel32.FindFirstFileW #373
5a378,kernel32.FindNextFileW #385
5a42a,kernel32.CloseHandle #129
5a493,shell32.SHGetFolderPathW #385
5a612,kernel32.GetSystemWow64DirectoryW #734
5a634,kernel32.GetSystemDirectoryW #719
5a6ce,kernel32.GetModuleHandleW #617
5a6fb,kernel32.GetProcAddress #671
5a75f,kernel32.LoadLibraryA #934
5a823,advapi32.RegCreateKeyExW #1606
5a866,advapi32.RegSetValueExW #1675
5a896,advapi32.RegCloseKey #1597
5a917,kernel32.Sleep #1363
5a97e,kernel32.ReleaseMutex #1165
5a990,kernel32.CloseHandle #129
5ab25,kernel32.HeapReAlloc #824
5ab46,kernel32.HeapAlloc #817
5ac17,ws2_32.select #18
5ad33,kernel32.CreateMutexW #211
5ad5b,kernel32.GetLastError #594
5ad74,kernel32.CloseHandle #129
5ae09,wininet.InternetCrackUrlA #272
5afc5,kernel32.CreateMutexW #211
5aff0,kernel32.WaitForSingleObject #1452
5b04d,kernel32.CloseHandle #129
5b11d,kernel32.GetVersionExA #774
5b4dd,kernel32.HeapAlloc #817
5b63e,kernel32.ExitThread #340
5b654,kernel32.ExitThread #340
5b6a5,advapi32.GetTokenInformation #1369
5b6d4,kernel32.GetLastError #594
5b6fb,advapi32.GetTokenInformation #1369
5b758,advapi32.OpenProcessToken #1531
5b7b0,advapi32.GetTokenInformation #1369
5b7e8,kernel32.CloseHandle #129
5b81a,advapi32.InitializeSecurityDescriptor #1398
5b843,advapi32.SetSecurityDescriptorDacl #1736
5b896,advapi32.ConvertStringSecurityDescriptorToSecurityDescriptorW #1131
5b8bd,advapi32.ConvertStringSecurityDescriptorToSecurityDescriptorW #1131
5b922,advapi32.GetSecurityDescriptorSacl #1355
5b95d,advapi32.SetSecurityDescriptorSacl #1740
5b97d,kernel32.LocalFree #947
5ba09,kernel32.CreateProcessW #221
5ba91,kernel32.CloseHandle #129
5baa6,kernel32.CloseHandle #129
5bce7,user32.CharLowerA #1546
5bcfe,user32.CharLowerA #1546
5bfc1,kernel32.HeapFree #821
5bff1,kernel32.CreateToolhelp32Snapshot #243
5c02a,kernel32.Thread32First #1394
5c055,kernel32.Thread32Next #1395
5c07b,kernel32.CloseHandle #129
5c194,kernel32.CreateToolhelp32Snapshot #243
5c1cc,kernel32.Process32FirstW #1038
5c21f,kernel32.Process32NextW #1040
5c254,kernel32.CloseHandle #129
5c3b3,kernel32.CreateToolhelp32Snapshot #243
5c3f5,kernel32.Process32FirstW #1038
5c442,kernel32.Process32NextW #1040
5c473,kernel32.OpenProcess #1007
5c492,kernel32.CloseHandle #129
5c507,kernel32.IsWow64Process #888
5c617,kernel32.ExpandEnvironmentStringsW #343
5c66a,advapi32.OpenProcessToken #1531
5c69f,advapi32.GetTokenInformation #1369
5c6ca,kernel32.GetLastError #594
5c70f,advapi32.GetTokenInformation #1369
5c746,advapi32.GetSidSubAuthorityCount #1366
5c774,advapi32.GetSidSubAuthority #1365
5c79b,kernel32.CloseHandle #129
5c7db,kernel32.CreateToolhelp32Snapshot #243
5c80b,kernel32.Process32FirstW #1038
5c837,kernel32.Process32NextW #1040
5c8d9,kernel32.CloseHandle #129
5c989,kernel32.MultiByteToWideChar #978
5cccd,kernel32.WriteFile #1506
5ccfa,kernel32.WriteFile #1506
5cd61,kernel32.SetEndOfFile #1259
5cd77,kernel32.FlushFileBuffers #404
5cf1a,ws2_32.send #19
5d439,kernel32.ReadFile #1105
5d52e,kernel32.ReadFile #1105
5d591,kernel32.ReadFile #1105
5d6d3,kernel32.FlushFileBuffers #404
5d6e7,kernel32.CloseHandle #129
5d891,ws2_32.select #18
5d8de,ws2_32.recv #16
5d90c,ws2_32.WSAGetLastError #111
5d972,kernel32.CreateFileW #196
5da08,kernel32.ReadFile #1105
5db23,kernel32.SetEndOfFile #1259
5db3f,kernel32.CloseHandle #129
5e1bb,kernel32.GetTickCount #757
5e6ce,advapi32.CryptAcquireContextA #1194
5e700,advapi32.CryptCreateHash #1197
5e737,advapi32.CryptHashData #1218
5e75e,advapi32.CryptGetHashParam #1214
5e7ad,advapi32.CryptDestroyHash #1200
5e7c1,advapi32.CryptReleaseContext #1221
5ec80,shlwapi.wvnsprintfA #924
5fbab,shlwapi.wvnsprintfA #924
5fdc3,shlwapi.wvnsprintfW #925
5fe9f,kernel32.CreateFileW #196
5fef5,kernel32.WriteFile #1506
5ff2c,kernel32.CloseHandle #129
5ffb2,kernel32.FindFirstFileW #373
5fff8,kernel32.FindNextFileW #385
60083,kernel32.FindClose #362
600d9,shlwapi.PathCombineW #653
60103,kernel32.VirtualFree #1439
60123,kernel32.CloseHandle #129
60154,kernel32.SetFilePointerEx #1278
601d8,ws2_32.setsockopt #21
60267,ws2_32.select #18
602ea,ws2_32.select #18
60354,ws2_32.recv #16
603ce,ws2_32.send #19
60439,ws2_32.shutdown #22
6045a,ws2_32.closesocket #3
60526,ws2_32.accept #1
60541,ws2_32.WSASetLastError #112
60578,ws2_32.socket #23
605dd,ws2_32.setsockopt #21
60614,ws2_32.bind #2
60655,ws2_32.listen #13
6067c,ws2_32.closesocket #3
60733,kernel32.FindFirstFileW #373
60777,kernel32.FindNextFileW #385
608a3,kernel32.FindClose #362
608b5,kernel32.RemoveDirectoryW #1174
60922,kernel32.FindFirstFileW #373
609d7,kernel32.FindNextFileW #385
60a0e,kernel32.WaitForSingleObject #1452
60afe,shlwapi.PathMatchSpecW #718
60b55,kernel32.Sleep #1363
60bd2,kernel32.Sleep #1363
60beb,kernel32.FindClose #362
60c66,shlwapi.StrCmpNIA #847
60d95,shlwapi.UrlUnescapeA #920
60e10,kernel32.CreateFileW #196
60e7d,kernel32.WaitForSingleObject #1452
60eb6,wininet.InternetReadFile #320
60ee4,kernel32.WriteFile #1506
60f60,kernel32.CloseHandle #129
60fc5,kernel32.FlushFileBuffers #404
61007,wininet.InternetQueryOptionA #318
6102b,wininet.InternetCloseHandle #264
61086,wininet.InternetCloseHandle #264
6119c,kernel32.WaitForSingleObject #1452
611cf,kernel32.Sleep #1363
61260,wininet.InternetCloseHandle #264
613e8,kernel32.WaitForSingleObject #1452
61437,wininet.InternetReadFile #320
61a7d,kernel32.SetEvent #1265
61a91,kernel32.WaitForSingleObject #1452
61c03,advapi32.RegOpenKeyW #1649
61c35,advapi32.RegEnumKeyExW #1628
61cbd,advapi32.RegEnumKeyExW #1628
61d6c,advapi32.RegCloseKey #1597
61da3,advapi32.RegOpenKeyW #1649
61de4,advapi32.RegEnumKeyExW #1628
61e45,advapi32.RegEnumKeyExW #1628
61ee1,advapi32.RegCloseKey #1597
61f70,kernel32.EnterCriticalSection #295
6200f,kernel32.LeaveCriticalSection #931
62230,shlwapi.StrCmpNIA #847
62294,shlwapi.StrCmpNIA #847
622d9,shlwapi.StrCmpNIA #847
62365,shlwapi.StrCmpNIA #847
62413,shlwapi.StrCmpNIA #847
62914,kernel32.EnterCriticalSection #295
6299c,kernel32.LeaveCriticalSection #931
